Accuracy,Date,Sentiment,Ticker
L,2017-11-24,L,CLSN
L,2017-11-24,L,KMDA
L,2017-11-25,L,CLSN
L,2017-11-25,L,VTVT
L,2017-11-25,L,NKTR
L,2017-11-26,L,PRTO
L,2017-11-26,L,ADMA
L,2017-11-26,L,KALA
L,2017-11-26,L,SNDX
L,2017-11-26,L,GALE
L,2017-11-26,L,SNDX
L,2017-11-26,L,EVOK
L,2017-11-27,L,CPRX
L,2017-11-27,L,AZN
L,2017-11-27,L,TSRO
L,2017-11-27,L,CLSN
L,2017-11-28,L,MRK
L,2017-11-28,L,REGN
L,2017-11-28,L,EARS
L,2017-11-28,L,MRK
L,2017-11-28,L,CPRX
L,2017-11-28,L,AZN
L,2017-11-28,L,AERI
L,2017-11-29,L,CLSN
L,2017-11-29,L,EARS
L,2017-11-29,L,MRK
L,2017-11-29,L,TEVA
L,2017-11-29,L,NVS
L,2017-11-29,L,TEVA
L,2017-11-29,L,MRK
L,2017-11-29,L,EARS
L,2017-11-29,L,APVO
L,2017-11-29,L,EARS
L,2017-11-29,L,CLSN
L,2017-11-29,L,EARS
L,2017-11-30,L,ACAD
L,2017-11-30,L,MRK
L,2017-11-30,L,TEVA
L,2017-11-30,L,VKTX
L,2017-11-30,L,MRK
L,2017-11-30,L,TEVA
L,2017-11-30,L,VKTX
L,2017-11-30,L,CLSN
L,2017-11-30,L,NVS
L,2017-12-01,L,ABBV
L,2017-12-01,L,BAYN
L,2017-12-01,L,CLSN
L,2017-12-01,L,CLSN
L,2017-12-01,L,NTNX
L,2017-12-01,L,PAIOF
L,2017-12-01,L,SNDX
L,2017-12-01,L,SNY
L,2017-12-01,L,SNY
L,2017-12-01,L,CLSN
L,2017-12-01,L,NTNX
L,2017-12-01,L,ABBV
L,2017-12-02,L,ALNY
L,2017-12-02,L,BABA
L,2017-12-02,L,CISN
L,2017-12-02,L,CLSN
L,2017-12-02,L,MDXG
L,2017-12-02,L,OCRX
L,2017-12-02,L,PTCT
L,2017-12-02,L,RTRX
L,2017-12-02,L,CISN
L,2017-12-02,L,RTRX
L,2017-12-02,L,CLSN
L,2017-12-03,L,ABBV
L,2017-12-03,L,ARGX
L,2017-12-03,L,BPMX
L,2017-12-03,L,CLSN
L,2017-12-03,L,CLSN
L,2017-12-03,L,CSX
L,2017-12-03,L,GERN
L,2017-12-03,L,OMER
L,2017-12-03,L,SGEN
L,2017-12-03,L,SPHRF
L,2017-12-03,L,TILE
L,2017-12-03,L,TJX
